09-02-2024 02:25:07 AM,
09-02-2024 03:33:04 AM,
09-02-2024 04:29:28 AM,
09-02-2024 05:33:04 AM,
09-02-2024 06:23:54 AM,
09-02-2024 07:49:38 AM,5:30 PM; 7:00 PM; 8:30 PM
09-02-2024 08:29:52 AM,5:30 PM; 7:00 PM; 8:30 PM
09-02-2024 09:29:40 AM,5:30 PM; 7:00 PM; 8:30 PM
09-02-2024 10:28:00 AM,5:30 PM; 7:00 PM; 8:30 PM
09-02-2024 11:35:27 AM,5:30 PM; 7:00 PM; 8:30 PM
09-02-2024 12:27:15 PM,5:30 PM; 7:00 PM; 8:30 PM
09-02-2024 01:33:33 PM,5:30 PM; 7:00 PM; 8:30 PM
09-02-2024 02:22:11 PM,5:30 PM; 7:00 PM; 8:30 PM
09-02-2024 03:28:59 PM,5:30 PM; 7:00 PM; 8:30 PM
09-02-2024 04:24:52 PM,5:30 PM; 7:00 PM; 8:30 PM
09-02-2024 05:29:59 PM,5:30 PM; 7:00 PM; 8:30 PM
09-03-2024 02:25:02 AM,5:30 PM; 7:00 PM; 8:30 PM
09-03-2024 03:32:19 AM,5:30 PM; 7:00 PM; 8:30 PM
09-03-2024 04:27:58 AM,5:30 PM; 7:00 PM; 8:30 PM
09-03-2024 05:32:12 AM,5:30 PM; 7:00 PM; 8:30 PM
09-03-2024 06:24:10 AM,5:30 PM; 7:00 PM; 8:30 PM
09-03-2024 07:48:47 AM,5:30 PM; 7:00 PM; 8:30 PM
09-03-2024 08:30:14 AM,5:30 PM; 7:00 PM; 8:30 PM
09-03-2024 09:30:40 AM,5:30 PM; 7:00 PM; 8:30 PM
09-03-2024 10:28:32 AM,5:30 PM; 7:00 PM; 8:30 PM
09-03-2024 11:34:46 AM,5:30 PM; 7:00 PM; 8:30 PM
09-03-2024 12:29:09 PM,5:30 PM; 7:00 PM; 8:30 PM
09-03-2024 01:33:55 PM,5:30 PM; 7:00 PM; 8:30 PM
09-03-2024 02:22:16 PM,5:30 PM; 7:00 PM; 8:30 PM
09-03-2024 03:28:44 PM,5:30 PM; 7:00 PM; 8:30 PM
09-03-2024 04:26:40 PM,5:30 PM; 7:00 PM; 8:30 PM
09-03-2024 05:30:56 PM,5:30 PM; 7:00 PM; 8:30 PM
09-04-2024 02:25:09 AM,5:30 PM; 7:00 PM; 8:30 PM
09-04-2024 03:31:40 AM,5:30 PM; 7:00 PM; 8:30 PM
09-04-2024 04:28:51 AM,5:30 PM; 7:00 PM; 8:30 PM
09-04-2024 05:32:12 AM,5:30 PM; 7:00 PM; 8:30 PM
09-04-2024 06:24:00 AM,5:30 PM; 7:00 PM; 8:30 PM
09-04-2024 07:49:24 AM,5:30 PM; 7:00 PM; 8:30 PM
09-04-2024 08:31:01 AM,5:30 PM; 7:00 PM; 8:30 PM
09-04-2024 09:30:06 AM,5:30 PM; 7:00 PM; 8:30 PM
09-04-2024 10:28:42 AM,5:30 PM; 7:00 PM; 8:30 PM
09-04-2024 11:33:29 AM,5:30 PM; 7:00 PM; 8:30 PM
09-04-2024 12:31:11 PM,5:30 PM; 7:00 PM; 8:30 PM
09-04-2024 01:32:00 PM,5:30 PM; 7:00 PM; 8:30 PM
09-04-2024 02:21:53 PM,5:30 PM; 7:00 PM; 8:30 PM
09-04-2024 03:30:06 PM,5:30 PM; 7:00 PM; 8:30 PM
09-04-2024 04:26:04 PM,5:30 PM; 7:00 PM; 8:30 PM
09-04-2024 05:29:51 PM,5:30 PM; 7:00 PM; 8:30 PM
09-05-2024 02:26:37 AM,5:30 PM; 7:00 PM; 8:30 PM
09-05-2024 03:32:20 AM,5:30 PM; 7:00 PM; 8:30 PM
09-05-2024 04:27:11 AM,5:30 PM; 7:00 PM; 8:30 PM
09-05-2024 05:32:36 AM,5:30 PM; 7:00 PM; 8:30 PM
09-05-2024 06:24:11 AM,5:30 PM; 7:00 PM; 8:30 PM
09-05-2024 07:49:22 AM,5:30 PM; 7:00 PM; 8:30 PM
09-05-2024 08:30:30 AM,5:30 PM; 7:00 PM; 8:30 PM
09-05-2024 09:30:15 AM,5:30 PM; 7:00 PM; 8:30 PM
09-05-2024 10:28:18 AM,5:30 PM; 7:00 PM; 8:30 PM
09-05-2024 11:34:10 AM,5:30 PM; 7:00 PM; 8:30 PM
09-05-2024 12:28:14 PM,5:30 PM; 7:00 PM; 8:30 PM
09-05-2024 01:33:10 PM,5:30 PM; 7:00 PM; 8:30 PM
09-05-2024 02:22:08 PM,5:30 PM; 7:00 PM; 8:30 PM
09-05-2024 03:27:57 PM,5:30 PM; 7:00 PM; 8:30 PM
09-05-2024 04:25:56 PM,5:30 PM; 7:00 PM; 8:30 PM
09-05-2024 05:30:03 PM,5:30 PM; 7:00 PM; 8:30 PM
09-06-2024 02:25:07 AM,5:30 PM; 7:00 PM; 8:30 PM
09-06-2024 03:32:03 AM,5:30 PM; 7:00 PM; 8:30 PM
09-06-2024 04:29:24 AM,5:30 PM; 7:00 PM; 8:30 PM
09-06-2024 05:32:11 AM,5:30 PM; 7:00 PM; 8:30 PM
09-06-2024 06:24:17 AM,5:30 PM; 7:00 PM; 8:30 PM
09-06-2024 07:48:02 AM,5:30 PM; 7:00 PM; 8:30 PM
09-06-2024 08:31:03 AM,5:30 PM; 7:00 PM; 8:30 PM
09-06-2024 09:30:10 AM,5:30 PM; 7:00 PM; 8:30 PM
09-06-2024 10:29:24 AM,5:30 PM; 7:00 PM; 8:30 PM
09-06-2024 11:35:45 AM,5:30 PM; 7:00 PM; 8:30 PM
09-06-2024 12:26:12 PM,5:30 PM; 7:00 PM; 8:30 PM
09-06-2024 01:33:27 PM,5:30 PM; 7:00 PM; 8:30 PM
09-06-2024 02:22:36 PM,5:30 PM; 7:00 PM; 8:30 PM
09-06-2024 03:27:26 PM,5:30 PM; 7:00 PM; 8:30 PM
09-06-2024 04:27:38 PM,5:30 PM; 7:00 PM; 8:30 PM
09-06-2024 05:30:53 PM,5:30 PM; 7:00 PM; 8:30 PM
09-07-2024 02:26:22 AM,5:30 PM; 7:00 PM; 8:30 PM
09-07-2024 03:29:43 AM,5:30 PM; 7:00 PM; 8:30 PM
