Query Date,Available Times
10-12-2023 07:20:10 PM,5:30 PM; 7:00 PM; 8:30 PM
10-12-2023 07:28:00 PM,5:30 PM; 7:00 PM; 8:30 PM
10-12-2023 07:29:50 PM,5:30 PM; 7:00 PM; 8:30 PM
10-13-2023 02:14:10 AM,5:30 PM; 7:00 PM; 8:30 PM
10-13-2023 02:26:03 AM,5:30 PM; 7:00 PM; 8:30 PM
10-13-2023 02:38:43 AM,5:30 PM; 7:00 PM; 8:30 PM
10-13-2023 02:54:46 AM,5:30 PM; 7:00 PM; 8:30 PM
10-13-2023 03:20:06 AM,5:30 PM; 7:00 PM; 8:30 PM
10-13-2023 03:39:41 AM,5:30 PM; 7:00 PM; 8:30 PM
10-13-2023 03:54:52 AM,5:30 PM; 7:00 PM; 8:30 PM
10-13-2023 04:15:19 AM,5:30 PM; 7:00 PM; 8:30 PM
10-13-2023 04:27:11 AM,5:30 PM; 7:00 PM; 8:30 PM
10-13-2023 04:38:45 AM,5:30 PM; 7:00 PM; 8:30 PM
10-13-2023 04:54:45 AM,5:30 PM; 7:00 PM; 8:30 PM
10-13-2023 05:16:58 AM,5:30 PM; 7:00 PM; 8:30 PM
10-13-2023 05:39:07 AM,5:30 PM; 7:00 PM; 8:30 PM
10-13-2023 05:54:51 AM,5:30 PM; 7:00 PM; 8:30 PM
10-13-2023 06:13:08 AM,5:30 PM; 7:00 PM; 8:30 PM
10-13-2023 06:25:00 AM,5:30 PM; 7:00 PM; 8:30 PM
10-13-2023 06:39:03 AM,5:30 PM; 7:00 PM; 8:30 PM
10-13-2023 06:54:49 AM,5:30 PM; 7:00 PM; 8:30 PM
