11-05-2024 01:27:25 AM,
11-05-2024 02:32:39 AM,
11-05-2024 03:28:47 AM,
11-05-2024 04:34:10 AM,
11-05-2024 05:24:20 AM,
11-05-2024 06:49:08 AM,
11-05-2024 07:31:02 AM,5:30 PM; 7:00 PM; 8:30 PM
11-05-2024 08:31:12 AM,5:30 PM; 7:00 PM; 8:30 PM
11-05-2024 09:29:39 AM,5:30 PM; 7:00 PM; 8:30 PM
11-05-2024 10:35:18 AM,5:30 PM; 7:00 PM; 8:30 PM
11-05-2024 11:29:57 AM,5:30 PM; 7:00 PM; 8:30 PM
11-05-2024 12:34:59 PM,5:30 PM; 7:00 PM; 8:30 PM
11-05-2024 01:23:22 PM,5:30 PM; 7:00 PM; 8:30 PM
11-05-2024 02:28:45 PM,5:30 PM; 7:00 PM; 8:30 PM
11-05-2024 03:26:27 PM,5:30 PM; 7:00 PM; 8:30 PM
11-05-2024 04:31:22 PM,5:30 PM; 7:00 PM; 8:30 PM
11-06-2024 01:27:36 AM,5:30 PM; 7:00 PM; 8:30 PM
11-06-2024 02:33:34 AM,5:30 PM; 7:00 PM; 8:30 PM
11-06-2024 03:31:25 AM,5:30 PM; 7:00 PM; 8:30 PM
11-06-2024 04:33:36 AM,5:30 PM; 7:00 PM; 8:30 PM
11-06-2024 05:24:26 AM,5:30 PM; 7:00 PM; 8:30 PM
11-06-2024 06:50:40 AM,5:30 PM; 7:00 PM; 8:30 PM
11-06-2024 07:31:24 AM,5:30 PM; 7:00 PM; 8:30 PM
11-06-2024 08:30:50 AM,5:30 PM; 7:00 PM; 8:30 PM
11-06-2024 09:29:48 AM,5:30 PM; 7:00 PM; 8:30 PM
11-06-2024 10:34:39 AM,5:30 PM; 7:00 PM; 8:30 PM
11-06-2024 11:30:17 AM,5:30 PM; 7:00 PM; 8:30 PM
11-06-2024 12:34:53 PM,5:30 PM; 7:00 PM; 8:30 PM
11-06-2024 01:24:50 PM,5:30 PM; 7:00 PM; 8:30 PM
11-06-2024 02:28:52 PM,5:30 PM; 7:00 PM; 8:30 PM
11-06-2024 03:27:28 PM,5:30 PM; 7:00 PM; 8:30 PM
11-06-2024 04:31:47 PM,5:30 PM; 7:00 PM; 8:30 PM
11-07-2024 01:27:19 AM,5:30 PM; 7:00 PM; 8:30 PM
11-07-2024 02:32:50 AM,5:30 PM; 7:00 PM; 8:30 PM
11-07-2024 03:28:27 AM,5:30 PM; 7:00 PM; 8:30 PM
11-07-2024 04:32:51 AM,5:30 PM; 7:00 PM; 8:30 PM
11-07-2024 05:25:03 AM,5:30 PM; 7:00 PM; 8:30 PM
11-07-2024 06:49:36 AM,5:30 PM; 7:00 PM; 8:30 PM
11-07-2024 07:30:31 AM,5:30 PM; 7:00 PM; 8:30 PM
11-07-2024 08:29:06 AM,5:30 PM; 7:00 PM; 8:30 PM
11-07-2024 09:29:06 AM,5:30 PM; 7:00 PM; 8:30 PM
11-07-2024 10:34:48 AM,5:30 PM; 7:00 PM; 8:30 PM
11-07-2024 11:28:41 AM,5:30 PM; 7:00 PM; 8:30 PM
11-07-2024 12:34:31 PM,5:30 PM; 7:00 PM; 8:30 PM
11-07-2024 01:22:29 PM,5:30 PM; 7:00 PM; 8:30 PM
11-07-2024 02:28:22 PM,5:30 PM; 7:00 PM; 8:30 PM
11-07-2024 03:26:12 PM,5:30 PM; 7:00 PM; 8:30 PM
11-07-2024 04:30:49 PM,5:30 PM; 7:00 PM; 8:30 PM
11-08-2024 01:27:05 AM,5:30 PM; 7:00 PM; 8:30 PM
11-08-2024 02:32:35 AM,5:30 PM; 7:00 PM; 8:30 PM
11-08-2024 03:28:14 AM,5:30 PM; 7:00 PM; 8:30 PM
11-08-2024 04:32:46 AM,5:30 PM; 7:00 PM; 8:30 PM
11-08-2024 05:23:59 AM,5:30 PM; 7:00 PM; 8:30 PM
11-08-2024 06:49:45 AM,5:30 PM; 7:00 PM; 8:30 PM
11-08-2024 07:30:34 AM,5:30 PM; 7:00 PM; 8:30 PM
11-08-2024 08:30:27 AM,5:30 PM; 7:00 PM; 8:30 PM
11-08-2024 09:29:17 AM,5:30 PM; 7:00 PM; 8:30 PM
11-08-2024 10:34:22 AM,5:30 PM; 7:00 PM; 8:30 PM
11-08-2024 11:28:58 AM,5:30 PM; 7:00 PM; 8:30 PM
11-08-2024 12:34:35 PM,5:30 PM; 7:00 PM; 8:30 PM
11-08-2024 01:22:17 PM,5:30 PM; 7:00 PM; 8:30 PM
11-08-2024 02:28:05 PM,5:30 PM; 7:00 PM; 8:30 PM
11-08-2024 03:26:07 PM,5:30 PM; 7:00 PM; 8:30 PM
11-08-2024 04:30:38 PM,5:30 PM; 7:00 PM; 8:30 PM
11-09-2024 01:26:23 AM,5:30 PM; 7:00 PM; 8:30 PM
11-09-2024 02:30:57 AM,5:30 PM; 7:00 PM; 8:30 PM
11-09-2024 03:26:10 AM,5:30 PM; 7:00 PM; 8:30 PM
11-09-2024 04:30:26 AM,5:30 PM; 7:00 PM; 8:30 PM
11-09-2024 05:22:42 AM,5:30 PM; 7:00 PM; 8:30 PM
11-09-2024 06:46:28 AM,5:30 PM; 7:00 PM; 8:30 PM
11-09-2024 07:27:40 AM,5:30 PM; 7:00 PM; 8:30 PM
11-09-2024 08:28:36 AM,5:30 PM; 7:00 PM; 8:30 PM
11-09-2024 09:28:27 AM,5:30 PM; 7:00 PM; 8:30 PM
11-09-2024 10:31:43 AM,5:30 PM; 7:00 PM; 8:30 PM
11-09-2024 11:26:53 AM,5:30 PM; 7:00 PM; 8:30 PM
11-09-2024 12:32:20 PM,5:30 PM; 7:00 PM; 8:30 PM
11-09-2024 01:21:17 PM,5:30 PM; 7:00 PM; 8:30 PM
11-09-2024 02:26:44 PM,5:30 PM; 7:00 PM; 8:30 PM
11-09-2024 03:27:32 PM,5:30 PM; 7:00 PM; 8:30 PM
11-09-2024 04:28:50 PM,5:30 PM; 7:00 PM; 8:30 PM
11-10-2024 01:25:53 AM,5:30 PM; 7:00 PM; 8:30 PM
11-10-2024 02:30:21 AM,5:30 PM; 7:00 PM; 8:30 PM
11-10-2024 03:26:04 AM,5:30 PM; 7:00 PM; 8:30 PM
11-10-2024 04:30:27 AM,5:30 PM; 7:00 PM; 8:30 PM
11-10-2024 05:22:23 AM,5:30 PM; 7:00 PM; 8:30 PM
11-10-2024 06:46:17 AM,5:30 PM; 7:00 PM; 8:30 PM
11-10-2024 07:27:56 AM,5:30 PM; 7:00 PM; 8:30 PM
11-10-2024 08:27:55 AM,5:30 PM; 7:00 PM; 8:30 PM
